{
    "component": true,
    "usingComponents": {
        "u--input": "/uni_modules/uview-ui/components/u--input/u--input",
        "u-icon": "/uni_modules/uview-ui/components/u-icon/u-icon",
        "u-popup": "/uni_modules/uview-ui/components/u-popup/u-popup",
        "u-checkbox-group": "/uni_modules/uview-ui/components/u-checkbox-group/u-checkbox-group",
        "u-checkbox": "/uni_modules/uview-ui/components/u-checkbox/u-checkbox",
        "u-button": "/uni_modules/uview-ui/components/u-button/u-button",
        "mescroll-body": "/components/mescroll-uni/mescroll-body",
        "my-select": "/components/my-componets/my-select",
        "my-image-upload": "/components/my-componets/my-image-upload",
        "my-page": "/components/my-componets/my-page",
        "components": "/pages/component/home",
        "plugin": "/pages/plugin/home",
        "cu-custom": "/plugin/colorui/components/cu-custom"
    }
}