{
    "component": true,
    "usingComponents": {
        "u--input": "/uni_modules/uview-ui/components/u--input/u--input",
        "u-icon": "/uni_modules/uview-ui/components/u-icon/u-icon",
        "u-datetime-picker": "/uni_modules/uview-ui/components/u-datetime-picker/u-datetime-picker",
        "mescroll-body": "/components/mescroll-uni/mescroll-body",
        "my-select": "/components/my-componets/my-select",
        "my-image-upload": "/components/my-componets/my-image-upload",
        "my-page": "/components/my-componets/my-page",
        "components": "/pages/component/home",
        "plugin": "/pages/plugin/home",
        "cu-custom": "/plugin/colorui/components/cu-custom"
    }
}