{
    "usingComponents": {
        "my-upload": "/components/my-componets/my-upload",
        "u-button": "/uni_modules/uview-ui/components/u-button/u-button",
        "u-popup": "/uni_modules/uview-ui/components/u-popup/u-popup",
        "u--form": "/uni_modules/uview-ui/components/u--form/u--form",
        "u-form-item": "/uni_modules/uview-ui/components/u-form-item/u-form-item",
        "u--input": "/uni_modules/uview-ui/components/u--input/u--input",
        "my-date-picker": "/components/my-componets/my-datePicker",
        "mescroll-body": "/components/mescroll-uni/mescroll-body",
        "my-select": "/components/my-componets/my-select",
        "my-image-upload": "/components/my-componets/my-image-upload",
        "my-page": "/components/my-componets/my-page",
        "components": "/pages/component/home",
        "plugin": "/pages/plugin/home",
        "cu-custom": "/plugin/colorui/components/cu-custom"
    },
    "component": true
}