{
    "component": true,
    "usingComponents": {
        "u-popup": "/uni_modules/uview-ui/components/u-popup/u-popup",
        "u-button": "/uni_modules/uview-ui/components/u-button/u-button",
        "u-header": "/uni_modules/uview-ui/components/u-calendar/header",
        "u-month": "/uni_modules/uview-ui/components/u-calendar/month",
        "mescroll-body": "/components/mescroll-uni/mescroll-body",
        "my-select": "/components/my-componets/my-select",
        "my-image-upload": "/components/my-componets/my-image-upload",
        "my-page": "/components/my-componets/my-page",
        "components": "/pages/component/home",
        "plugin": "/pages/plugin/home",
        "cu-custom": "/plugin/colorui/components/cu-custom"
    }
}