{
    "usingComponents": {
        "u-overlay": "/uni_modules/uview-ui/components/u-overlay/u-overlay",
        "u-transition": "/uni_modules/uview-ui/components/u-transition/u-transition",
        "u-status-bar": "/uni_modules/uview-ui/components/u-status-bar/u-status-bar",
        "u-icon": "/uni_modules/uview-ui/components/u-icon/u-icon",
        "u-safe-bottom": "/uni_modules/uview-ui/components/u-safe-bottom/u-safe-bottom",
        "mescroll-body": "/components/mescroll-uni/mescroll-body",
        "my-select": "/components/my-componets/my-select",
        "my-image-upload": "/components/my-componets/my-image-upload",
        "my-page": "/components/my-componets/my-page",
        "components": "/pages/component/home",
        "plugin": "/pages/plugin/home",
        "cu-custom": "/plugin/colorui/components/cu-custom"
    },
    "component": true
}