{
    "usingComponents": {
        "u-popup": "/uni_modules/uview-ui/components/u-popup/u-popup",
        "home": "/pages/home/index",
        "mine": "/pages/user/index",
        "mescroll-body": "/components/mescroll-uni/mescroll-body",
        "my-select": "/components/my-componets/my-select",
        "my-image-upload": "/components/my-componets/my-image-upload",
        "my-page": "/components/my-componets/my-page",
        "components": "/pages/component/home",
        "plugin": "/pages/plugin/home",
        "cu-custom": "/plugin/colorui/components/cu-custom"
    }
}